0.3,{UP,0,2,0.2,0},{},{},{}
0.6,{},{DOWN,0,2,0.2,0},{},{}
0.9,{UP,0,0,0,0},{},{DOWN,0,0,0,0},{UP,0,0,0,0}
1.2,{LEFT,0,0,0,0},{RIGHT,0,0,0,0},{LEFT,0,0,0,0},{RIGHT,0,0,0,0}
1.5,{UP,0.3,0,0,0},{UP,0.3,0,0,0},{},{UP,0.3,0,0,0}
1.8,{DOWN,0,0,0,0},{},{DOWN,0,0,0,0},{DOWN,0,0,0,0}
2.1,{UP,0,3,0.15,0},{},{},{UP,0,3,0.15,0}
2.4,{LEFT,0,0,0,0},{DOWN,0,0,0,0},{RIGHT,0,0,0,0},{UP,0,0,0,0}
2.7,{UP,0.5,0,0,0},{DOWN,0.5,0,0,0},{UP,0.5,0,0,0},{DOWN,0.5,0,0,0}
3.0,{UP,0,0,0,0},{UP,0,0,0,0},{UP,0,0,0,0},{UP,0,0,0,0}
3.3,{DOWN,0,2,0.1,0},{RIGHT,0,2,0.1,0},{LEFT,0,2,0.1,0},{DOWN,0,2,0.1,0}
3.6,{UP,0.8,0,0,0},{},{UP,0.8,0,0,0},{}